{
  "hash": "39c2f42d",
  "configHash": "35b1a799",
  "lockfileHash": "0876a6e7",
  "browserHash": "c862331a",
  "optimized": {
    "@angular/common": {
      "src": "../../../../../../node_modules/@angular/common/fesm2022/common.mjs",
      "file": "@angular_common.js",
      "fileHash": "1cbcdd55",
      "needsInterop": false
    },
    "@angular/common/http": {
      "src": "../../../../../../node_modules/@angular/common/fesm2022/http.mjs",
      "file": "@angular_common_http.js",
      "fileHash": "e3ecdaa1",
      "needsInterop": false
    },
    "@angular/core": {
      "src": "../../../../../../node_modules/@angular/core/fesm2022/core.mjs",
      "file": "@angular_core.js",
      "fileHash": "fa33ff45",
      "needsInterop": false
    },
    "@angular/forms": {
      "src": "../../../../../../node_modules/@angular/forms/fesm2022/forms.mjs",
      "file": "@angular_forms.js",
      "fileHash": "317b4183",
      "needsInterop": false
    },
    "@angular/platform-browser": {
      "src": "../../../../../../node_modules/@angular/platform-browser/fesm2022/platform-browser.mjs",
      "file": "@angular_platform-browser.js",
      "fileHash": "46e22c29",
      "needsInterop": false
    },
    "@angular/router": {
      "src": "../../../../../../node_modules/@angular/router/fesm2022/router.mjs",
      "file": "@angular_router.js",
      "fileHash": "ef75f948",
      "needsInterop": false
    },
    "@angular/service-worker": {
      "src": "../../../../../../node_modules/@angular/service-worker/fesm2022/service-worker.mjs",
      "file": "@angular_service-worker.js",
      "fileHash": "c714541b",
      "needsInterop": false
    },
    "dexie": {
      "src": "../../../../../../node_modules/dexie/import-wrapper.mjs",
      "file": "dexie.js",
      "fileHash": "99463516",
      "needsInterop": false
    },
    "rxjs": {
      "src": "../../../../../../node_modules/rxjs/dist/esm5/index.js",
      "file": "rxjs.js",
      "fileHash": "b8e7dea9",
      "needsInterop": false
    },
    "rxjs/operators": {
      "src": "../../../../../../node_modules/rxjs/dist/esm5/operators/index.js",
      "file": "rxjs_operators.js",
      "fileHash": "269e4632",
      "needsInterop": false
    },
    "rxjs/webSocket": {
      "src": "../../../../../../node_modules/rxjs/dist/esm5/webSocket/index.js",
      "file": "rxjs_webSocket.js",
      "fileHash": "a60f2949",
      "needsInterop": false
    },
    "zone.js": {
      "src": "../../../../../../node_modules/zone.js/fesm2015/zone.js",
      "file": "zone__js.js",
      "fileHash": "8cdde63e",
      "needsInterop": true
    }
  },
  "chunks": {
    "chunk-TMZTIZBY": {
      "file": "chunk-TMZTIZBY.js"
    },
    "chunk-FBPCPPF6": {
      "file": "chunk-FBPCPPF6.js"
    },
    "chunk-66V7ICUW": {
      "file": "chunk-66V7ICUW.js"
    },
    "chunk-EITAFI4I": {
      "file": "chunk-EITAFI4I.js"
    },
    "chunk-IQ66QTI2": {
      "file": "chunk-IQ66QTI2.js"
    },
    "chunk-OJQT3REV": {
      "file": "chunk-OJQT3REV.js"
    },
    "chunk-4ZCJA3JF": {
      "file": "chunk-4ZCJA3JF.js"
    },
    "chunk-I45VFNXY": {
      "file": "chunk-I45VFNXY.js"
    },
    "chunk-DMKXPM4G": {
      "file": "chunk-DMKXPM4G.js"
    },
    "chunk-TXDUYLVM": {
      "file": "chunk-TXDUYLVM.js"
    }
  }
}